{
  "split": "val",
  "summarization": {
    "rouge_like": 0.2817535277055523,
    "bleu": 0.06501593900536834
  },
  "emotion": {
    "f1_macro": 0.4053446650505066
  },
  "topic": {
    "accuracy": 0.7548042704626334,
    "classification_report": {
      "Business & Finance": {
        "precision": 0.6826859776168532,
        "recall": 0.5221550855991943,
        "f1-score": 0.5917261055634807,
        "support": 1986
      },
      "Computers & Internet": {
        "precision": 0.8468166586883676,
        "recall": 0.894790085988872,
        "f1-score": 0.8701426463354648,
        "support": 1977
      },
      "Education & Reference": {
        "precision": 0.6067106710671067,
        "recall": 0.5627551020408164,
        "f1-score": 0.5839068290100582,
        "support": 1960
      },
      "Entertainment & Music": {
        "precision": 0.732976653696498,
        "recall": 0.7708439897698209,
        "f1-score": 0.7514335577162802,
        "support": 1955
      },
      "Family & Relationships": {
        "precision": 0.7356746765249538,
        "recall": 0.8101781170483461,
        "f1-score": 0.7711310244611286,
        "support": 1965
      },
      "Health": {
        "precision": 0.7917267917267917,
        "recall": 0.8372329603255341,
        "f1-score": 0.8138442521631644,
        "support": 1966
      },
      "Politics & Government": {
        "precision": 0.7916459472899056,
        "recall": 0.8097660223804679,
        "f1-score": 0.8006034699522253,
        "support": 1966
      },
      "Science & Mathematics": {
        "precision": 0.749162278602202,
        "recall": 0.7972491085073866,
        "f1-score": 0.7724580454096742,
        "support": 1963
      },
      "Society & Culture": {
        "precision": 0.6588683351468988,
        "recall": 0.6181725370086779,
        "f1-score": 0.637872004213853,
        "support": 1959
      },
      "Sports": {
        "precision": 0.909317389138017,
        "recall": 0.9249873289406995,
        "f1-score": 0.9170854271356784,
        "support": 1973
      },
      "macro avg": {
        "precision": 0.7505585379497595,
        "recall": 0.7548130337609815,
        "f1-score": 0.7510203361961008,
        "support": 19670
      }
    }
  }
}