{
  "split": "test",
  "summarization": {
    "rouge_like": 0.3430426484440944,
    "bleu": 0.0879515124653127
  },
  "emotion": {
    "f1_macro": 0.3558666706085205
  },
  "topic": {
    "accuracy": 0.8576315789473684,
    "classification_report": {
      "Business": {
        "precision": 0.7614165890027959,
        "recall": 0.86,
        "f1-score": 0.8077113198220465,
        "support": 1900
      },
      "Sci/Tech": {
        "precision": 0.8759791122715405,
        "recall": 0.7063157894736842,
        "f1-score": 0.782051282051282,
        "support": 1900
      },
      "Sports": {
        "precision": 0.9454638124362895,
        "recall": 0.9763157894736842,
        "f1-score": 0.9606421543241843,
        "support": 1900
      },
      "World": {
        "precision": 0.8607142857142858,
        "recall": 0.8878947368421053,
        "f1-score": 0.8740932642487047,
        "support": 1900
      },
      "macro avg": {
        "precision": 0.860893449856228,
        "recall": 0.8576315789473684,
        "f1-score": 0.8561245051115545,
        "support": 7600
      }
    }
  }
}