{
  "split": "test",
  "summarization": {
    "rouge_like": 0.031742493938280825,
    "bleu": 0.0008530696741094626
  },
  "emotion": {
    "f1_macro": 0.42543327808380127
  },
  "topic": {
    "accuracy": 0.3325,
    "classification_report": {
      "Business": {
        "precision": 0.24772065955383124,
        "recall": 0.6721052631578948,
        "f1-score": 0.3620127569099929,
        "support": 1900
      },
      "Sci/Tech": {
        "precision": 0.4942170818505338,
        "recall": 0.5847368421052631,
        "f1-score": 0.5356798457087754,
        "support": 1900
      },
      "Sports": {
        "precision": 0.9473684210526315,
        "recall": 0.018947368421052633,
        "f1-score": 0.03715170278637771,
        "support": 1900
      },
      "World": {
        "precision": 0.6477987421383647,
        "recall": 0.05421052631578947,
        "f1-score": 0.10004856726566294,
        "support": 1900
      },
      "macro avg": {
        "precision": 0.5842762261488403,
        "recall": 0.3325,
        "f1-score": 0.2587232181677022,
        "support": 7600
      }
    }
  }
}