{
  "split": "val",
  "summarization": {
    "rouge_like": 0.35947467920968945,
    "bleu": 0.09027012433010549
  },
  "emotion": {
    "f1_macro": 0.9455000162124634
  },
  "topic": {
    "accuracy": 0.94175,
    "classification_report": {
      "Business": {
        "precision": 0.9319045973038369,
        "recall": 0.8986666666666666,
        "f1-score": 0.9149838791786866,
        "support": 3000
      },
      "Sci/Tech": {
        "precision": 0.9055627425614489,
        "recall": 0.9333333333333333,
        "f1-score": 0.9192383453709784,
        "support": 3000
      },
      "Sports": {
        "precision": 0.9856475300400535,
        "recall": 0.9843333333333333,
        "f1-score": 0.9849899933288859,
        "support": 3000
      },
      "World": {
        "precision": 0.9446836700894335,
        "recall": 0.9506666666666667,
        "f1-score": 0.9476657252035222,
        "support": 3000
      },
      "macro avg": {
        "precision": 0.9419496349986932,
        "recall": 0.94175,
        "f1-score": 0.9417194857705183,
        "support": 12000
      }
    }
  }
}