{
  "train_epoch_6": {
    "summarization_loss": 3.2071112584752606,
    "summarization_rouge_like": 0.41666206128984185,
    "emotion_loss": 0.13381094067425187,
    "emotion_f1": 0.1527181073975268,
    "topic_loss": 0.6847172836312407,
    "topic_accuracy": 0.7834830254758819,
    "total_loss": 5.492251664781721,
    "epoch": 6.0
  },
  "val_epoch_6": {
    "summarization_loss": 2.988837990901862,
    "summarization_rouge_like": 0.4475286348323649,
    "emotion_loss": 0.1262940275061054,
    "emotion_f1": 0.19359053170564663,
    "topic_loss": 0.7910004459155627,
    "topic_accuracy": 0.754854122191724,
    "epoch": 6.0
  },
  "train_epoch_7": {
    "summarization_loss": 3.184010818695097,
    "summarization_rouge_like": 0.41903763419721,
    "emotion_loss": 0.12498181367997213,
    "emotion_f1": 0.2043521878681856,
    "topic_loss": 0.6483695249464139,
    "topic_accuracy": 0.796684177822936,
    "total_loss": 5.419693668500609,
    "epoch": 7.0
  },
  "val_epoch_7": {
    "summarization_loss": 2.985372142407835,
    "summarization_rouge_like": 0.44758863369550994,
    "emotion_loss": 0.1185748163268729,
    "emotion_f1": 0.2514045691051182,
    "topic_loss": 0.7817700606483663,
    "topic_accuracy": 0.7554132357426027,
    "epoch": 7.0
  },
  "train_epoch_8": {
    "summarization_loss": 3.171688149997974,
    "summarization_rouge_like": 0.4206951155149097,
    "emotion_loss": 0.12107599671589805,
    "emotion_f1": 0.2286830931525678,
    "topic_loss": 0.6216138880150013,
    "topic_accuracy": 0.8049539626051729,
    "total_loss": 5.375899340986727,
    "epoch": 8.0
  },
  "val_epoch_8": {
    "summarization_loss": 2.984391659270994,
    "summarization_rouge_like": 0.44770155741256373,
    "emotion_loss": 0.11704520378562873,
    "emotion_f1": 0.26809326239605075,
    "topic_loss": 0.7841400383105634,
    "topic_accuracy": 0.7546508081732227,
    "epoch": 8.0
  }
}