{
  "train_epoch_1": {
    "summarization_loss": 5.035701327740604,
    "summarization_rouge_like": 0.16390742100245742,
    "emotion_loss": 0.21049204537547025,
    "emotion_f1": 0.002655381929628719,
    "topic_loss": 1.176912516972419,
    "topic_accuracy": 0.6581478229164939,
    "total_loss": 6.423106049642868,
    "epoch": 1.0
  },
  "val_epoch_1": {
    "summarization_loss": 4.6882993674363105,
    "summarization_rouge_like": 0.19405199466966144,
    "emotion_loss": 0.15183634538985658,
    "emotion_f1": 0.0016098967067287486,
    "topic_loss": 0.8788343331143526,
    "topic_accuracy": 0.7251652262328394,
    "epoch": 1.0
  },
  "train_epoch_2": {
    "summarization_loss": 4.561023824777751,
    "summarization_rouge_like": 0.20945581532076613,
    "emotion_loss": 0.14958151845580364,
    "emotion_f1": 0.008022325540815077,
    "topic_loss": 0.8585619787599033,
    "topic_accuracy": 0.7299605100316837,
    "total_loss": 5.569167470253677,
    "epoch": 2.0
  },
  "val_epoch_2": {
    "summarization_loss": 4.335443331423179,
    "summarization_rouge_like": 0.2383154143354784,
    "emotion_loss": 0.1478777239331147,
    "emotion_f1": 0.010150822387259202,
    "topic_loss": 0.841049696600522,
    "topic_accuracy": 0.7359938993390932,
    "epoch": 2.0
  },
  "train_epoch_3": {
    "summarization_loss": 4.332563984521343,
    "summarization_rouge_like": 0.24358268281949097,
    "emotion_loss": 0.14520242059475916,
    "emotion_f1": 0.026584760984350638,
    "topic_loss": 0.8084657974773926,
    "topic_accuracy": 0.7434995609372882,
    "total_loss": 5.286232347914138,
    "epoch": 3.0
  },
  "val_epoch_3": {
    "summarization_loss": 4.0994785383502785,
    "summarization_rouge_like": 0.2839536633314319,
    "emotion_loss": 0.14214695994858215,
    "emotion_f1": 0.028164719230763854,
    "topic_loss": 0.8218616072552484,
    "topic_accuracy": 0.7413319776309091,
    "epoch": 3.0
  }
}