{
  "train_epoch_1": {
    "summarization_loss": 3.67411927986145,
    "summarization_rouge_like": 0.39456057390021504,
    "emotion_loss": 0.5643834336996079,
    "emotion_f1": 0.023809524163603782,
    "topic_loss": 1.2467568359375,
    "topic_accuracy": 0.587,
    "total_loss": 5.485259549498558,
    "epoch": 1.0
  },
  "val_epoch_1": {
    "summarization_loss": 3.2498003482818603,
    "summarization_rouge_like": 0.44230111155579444,
    "emotion_loss": 0.4288424849510193,
    "emotion_f1": 0.0,
    "topic_loss": 0.807373046875,
    "topic_accuracy": 0.85,
    "epoch": 1.0
  }
}