{
  "train_epoch_1": {
    "summarization_loss": 3.228022559483846,
    "summarization_rouge_like": 0.1795979506045768,
    "emotion_loss": 0.6834879157940547,
    "emotion_f1": 0.08081954432030519,
    "topic_loss": 1.9448255189259847,
    "topic_accuracy": 0.16166666666666688,
    "total_loss": 5.22566719263792
  },
  "val_epoch_1": {
    "summarization_loss": 3.0928826332092285,
    "summarization_rouge_like": 0.19260533347996078,
    "emotion_loss": 0.6717261016368866,
    "emotion_f1": 0.08195805028080941,
    "topic_loss": 1.9391145904858906,
    "topic_accuracy": 0.1377777777777778,
    "total_loss": 5.070029080907504
  },
  "train_epoch_2": {
    "summarization_loss": 3.0845599659283955,
    "summarization_rouge_like": 0.19061701259103958,
    "emotion_loss": 0.6423788626988729,
    "emotion_f1": 0.08081954436997572,
    "topic_loss": 1.9292083338896433,
    "topic_accuracy": 0.2816666666666667,
    "total_loss": 5.012732426921526
  },
  "val_epoch_2": {
    "summarization_loss": 3.0523143847783407,
    "summarization_rouge_like": 0.19204145502262174,
    "emotion_loss": 0.5912656505902608,
    "emotion_f1": 0.08195805028080941,
    "topic_loss": 1.9172309080759684,
    "topic_accuracy": 0.36074074074074075,
    "total_loss": 4.897828314701716
  },
  "train_epoch_3": {
    "summarization_loss": 3.042832984129588,
    "summarization_rouge_like": 0.19309847374381023,
    "emotion_loss": 0.5563872623443603,
    "emotion_f1": 0.08081954464316368,
    "topic_loss": 1.9150390617052715,
    "topic_accuracy": 0.3800000000000001,
    "total_loss": 4.834933408498764
  },
  "val_epoch_3": {
    "summarization_loss": 3.050116014480591,
    "summarization_rouge_like": 0.19270384146897213,
    "emotion_loss": 0.5183626055717468,
    "emotion_f1": 0.08195805028080941,
    "topic_loss": 1.9091811219851176,
    "topic_accuracy": 0.3640740740740741,
    "total_loss": 4.78225048383077
  }
}