{
  "train_epoch_1": {
    "summarization_loss": 4.337589238357544,
    "summarization_rouge_like": 0.1879255349350253,
    "emotion_loss": 0.46719961771667,
    "emotion_f1": 0.10263426738642156,
    "topic_loss": 1.8465057809352874,
    "topic_accuracy": 0.3392400000000004,
    "total_loss": 5.961641555400193
  },
  "val_epoch_1": {
    "summarization_loss": 4.049011781692505,
    "summarization_rouge_like": 0.2034169061442255,
    "emotion_loss": 0.15742238980531692,
    "emotion_f1": 0.10493333557248116,
    "topic_loss": 1.4062236018180847,
    "topic_accuracy": 0.5732444444444442,
    "total_loss": 4.988257167309523
  },
  "train_epoch_2": {
    "summarization_loss": 4.083578112983703,
    "summarization_rouge_like": 0.1976643239752401,
    "emotion_loss": 0.15362880874574183,
    "emotion_f1": 0.2406129123225808,
    "topic_loss": 0.9754000782608986,
    "topic_accuracy": 0.7247600000000052,
    "total_loss": 4.8017213652327655
  },
  "val_epoch_2": {
    "summarization_loss": 3.9556797580718994,
    "summarization_rouge_like": 0.20800790372227917,
    "emotion_loss": 0.1543270833492279,
    "emotion_f1": 0.3030942615568638,
    "topic_loss": 0.6294559867382049,
    "topic_accuracy": 0.8470222222222232,
    "total_loss": 4.501898376464844
  },
  "train_epoch_3": {
    "summarization_loss": 4.013701296997071,
    "summarization_rouge_like": 0.20124694460046363,
    "emotion_loss": 0.1518744811743498,
    "emotion_f1": 0.2534809801559895,
    "topic_loss": 0.4991990038275719,
    "topic_accuracy": 0.8825600000000137,
    "total_loss": 4.491112520672381
  },
  "val_epoch_3": {
    "summarization_loss": 3.916879098892212,
    "summarization_rouge_like": 0.20999463362408954,
    "emotion_loss": 0.1531626036465168,
    "emotion_f1": 0.29498851400613785,
    "topic_loss": 0.4279452709853649,
    "topic_accuracy": 0.8898222222222228,
    "total_loss": 4.36059563985467
  },
  "train_epoch_4": {
    "summarization_loss": 3.983973069667816,
    "summarization_rouge_like": 0.2029009331004662,
    "emotion_loss": 0.15108716808855532,
    "emotion_f1": 0.2626448046594858,
    "topic_loss": 0.3580647605985403,
    "topic_accuracy": 0.913920000000016,
    "total_loss": 4.389636202099919
  },
  "val_epoch_4": {
    "summarization_loss": 3.9035442686080932,
    "summarization_rouge_like": 0.21033612715351324,
    "emotion_loss": 0.15223792135715486,
    "emotion_f1": 0.282991696447134,
    "topic_loss": 0.4027849786281586,
    "topic_accuracy": 0.8786222222222232,
    "total_loss": 4.333293639957905
  },
  "train_epoch_5": {
    "summarization_loss": 3.973270378112793,
    "summarization_rouge_like": 0.20338914910116973,
    "emotion_loss": 0.15057664619088174,
    "emotion_f1": 0.2615954305127263,
    "topic_loss": 0.3245519582152367,
    "topic_accuracy": 0.9218400000000136,
    "total_loss": 4.361411326506734
  },
  "val_epoch_5": {
    "summarization_loss": 3.89890168094635,
    "summarization_rouge_like": 0.21057591687577476,
    "emotion_loss": 0.1520903602540493,
    "emotion_f1": 0.2789894984960556,
    "topic_loss": 0.39885642248392106,
    "topic_accuracy": 0.883822222222223,
    "total_loss": 4.3264654325693845
  }
}