{
  "train_epoch_1": {
    "summarization_loss": 5.045035524368286,
    "summarization_rouge_like": 0.17692299259820982,
    "emotion_loss": 0.5741145938456058,
    "emotion_f1": 0.08224326024912297,
    "topic_loss": 1.9321053127288819,
    "topic_accuracy": 0.20039999999999947,
    "total_loss": 6.772896305878144
  },
  "val_epoch_1": {
    "summarization_loss": 4.621159763336181,
    "summarization_rouge_like": 0.2009912350979351,
    "emotion_loss": 0.20061741137504577,
    "emotion_f1": 0.007680000141263008,
    "topic_loss": 1.8834982647895813,
    "topic_accuracy": 0.4496888888888892,
    "total_loss": 5.587444065523151
  },
  "train_epoch_2": {
    "summarization_loss": 4.697241135406494,
    "summarization_rouge_like": 0.18919887095068383,
    "emotion_loss": 0.16250557558834552,
    "emotion_f1": 0.19456383755430579,
    "topic_loss": 1.6608720304965974,
    "topic_accuracy": 0.5136400000000013,
    "total_loss": 5.520513895732167
  },
  "val_epoch_2": {
    "summarization_loss": 4.5074896774291995,
    "summarization_rouge_like": 0.2059107468176743,
    "emotion_loss": 0.15497503146529198,
    "emotion_f1": 0.3037333419919014,
    "topic_loss": 1.339209544658661,
    "topic_accuracy": 0.5512888888888888,
    "total_loss": 5.219202603757374
  },
  "train_epoch_3": {
    "summarization_loss": 4.623225858879089,
    "summarization_rouge_like": 0.19298972077677434,
    "emotion_loss": 0.1528941529750824,
    "emotion_f1": 0.2358571650143713,
    "topic_loss": 1.2171795694112777,
    "topic_accuracy": 0.6233199999999992,
    "total_loss": 5.294168035652633
  },
  "val_epoch_3": {
    "summarization_loss": 4.472721136093139,
    "summarization_rouge_like": 0.20773631666304415,
    "emotion_loss": 0.1538489549458027,
    "emotion_f1": 0.2517333399057388,
    "topic_loss": 1.1120911469459533,
    "topic_accuracy": 0.6718666666666658,
    "total_loss": 5.114046390068528
  },
  "train_epoch_4": {
    "summarization_loss": 4.60152733001709,
    "summarization_rouge_like": 0.19426943173966513,
    "emotion_loss": 0.15229674486517905,
    "emotion_f1": 0.23825838486254214,
    "topic_loss": 1.0933256251096726,
    "topic_accuracy": 0.6757200000000008,
    "total_loss": 5.23411850728036
  },
  "val_epoch_4": {
    "summarization_loss": 4.465098825454712,
    "summarization_rouge_like": 0.20771230612342587,
    "emotion_loss": 0.15358655819296838,
    "emotion_f1": 0.2554666732847691,
    "topic_loss": 1.0655034358501434,
    "topic_accuracy": 0.6778666666666657,
    "total_loss": 5.091922972595696
  }
}