{
  "train_epoch_1": {
    "summarization_loss": 3.222269726091524,
    "summarization_rouge_like": 0.4348834303103812,
    "emotion_loss": 0.2681197640352259,
    "emotion_f1": 0.4939010590246358,
    "topic_loss": 0.2817161389551497,
    "topic_accuracy": 0.9126178087058748,
    "total_loss": 3.7721057520380095,
    "epoch": 1.0
  },
  "val_epoch_1": {
    "summarization_loss": 2.9376416314440097,
    "summarization_rouge_like": 0.4621969238397049,
    "emotion_loss": 0.07456208207925424,
    "emotion_f1": 0.922451647864638,
    "topic_loss": 0.18789680490184146,
    "topic_accuracy": 0.9368641532016696,
    "epoch": 1.0
  },
  "train_epoch_2": {
    "summarization_loss": 3.0815064049717713,
    "summarization_rouge_like": 0.44604443152864864,
    "emotion_loss": 0.04770229796717623,
    "emotion_f1": 0.9407868445694336,
    "topic_loss": 0.1507136240392336,
    "topic_accuracy": 0.9498742677227413,
    "total_loss": 3.279922429068798,
    "epoch": 2.0
  },
  "val_epoch_2": {
    "summarization_loss": 2.8898715693603942,
    "summarization_rouge_like": 0.4654528613816311,
    "emotion_loss": 0.05001389549380918,
    "emotion_f1": 0.9344953305524384,
    "topic_loss": 0.1755385091801308,
    "topic_accuracy": 0.9435966487133395,
    "epoch": 2.0
  },
  "train_epoch_3": {
    "summarization_loss": 3.0340622767404044,
    "summarization_rouge_like": 0.4502876682264882,
    "emotion_loss": 0.025708710505635942,
    "emotion_f1": 0.9647584015837614,
    "topic_loss": 0.11707986947991166,
    "topic_accuracy": 0.9614479064357344,
    "total_loss": 3.176850952874497,
    "epoch": 3.0
  },
  "val_epoch_3": {
    "summarization_loss": 2.865455434181104,
    "summarization_rouge_like": 0.46790124713702563,
    "emotion_loss": 0.05574661032417156,
    "emotion_f1": 0.940105742034193,
    "topic_loss": 0.19245651335709887,
    "topic_accuracy": 0.942998204667858,
    "epoch": 3.0
  }
}