{
  "train_epoch_1": {
    "summarization_loss": 3.6738915424346925,
    "summarization_rouge_like": 0.3936604625654161,
    "emotion_loss": 0.5655887125730514,
    "emotion_f1": 0.02088333384692669,
    "topic_loss": 1.2472841796875,
    "topic_accuracy": 0.5795,
    "total_loss": 5.486764434695244,
    "epoch": 1.0
  },
  "val_epoch_1": {
    "summarization_loss": 3.24564736366272,
    "summarization_rouge_like": 0.4398922732261946,
    "emotion_loss": 0.4284175229072571,
    "emotion_f1": 0.0,
    "topic_loss": 0.814755859375,
    "topic_accuracy": 0.835,
    "epoch": 1.0
  }
}