{
  "train_epoch_1": {
    "summarization_loss": 6.064953740309393,
    "summarization_rouge_like": 0.12524601610475034,
    "emotion_loss": 0.36621941694599003,
    "emotion_f1": 0.1745172753442244,
    "topic_loss": 0.4304544466319557,
    "topic_accuracy": 0.8456603510727222,
    "epoch": 1.0
  },
  "val_epoch_1": {
    "summarization_loss": 5.418145108123086,
    "summarization_rouge_like": 0.1430367610601125,
    "emotion_loss": 0.23809201324292817,
    "emotion_f1": 0.6853306461493459,
    "topic_loss": 0.34334531054694933,
    "topic_accuracy": 0.8990873728306403,
    "epoch": 1.0
  },
  "train_epoch_2": {
    "summarization_loss": 5.313167212766071,
    "summarization_rouge_like": 0.15972691839488215,
    "emotion_loss": 0.10728189612031838,
    "emotion_f1": 0.8470616280293525,
    "topic_loss": 0.25546857879703205,
    "topic_accuracy": 0.9178218166620229,
    "epoch": 2.0
  },
  "val_epoch_2": {
    "summarization_loss": 5.047249109141489,
    "summarization_rouge_like": 0.161552796098159,
    "emotion_loss": 0.14593230016643607,
    "emotion_f1": 0.8951226884843632,
    "topic_loss": 0.31189994352884165,
    "topic_accuracy": 0.9135996409335727,
    "epoch": 2.0
  },
  "train_epoch_3": {
    "summarization_loss": 5.0241737005072205,
    "summarization_rouge_like": 0.1736184152131748,
    "emotion_loss": 0.033076984120505394,
    "emotion_f1": 0.9598094899305961,
    "topic_loss": 0.2030463524970495,
    "topic_accuracy": 0.9360720256338813,
    "epoch": 3.0
  },
  "val_epoch_3": {
    "summarization_loss": 4.856048575138204,
    "summarization_rouge_like": 0.17376463823910304,
    "emotion_loss": 0.2033885457060806,
    "emotion_f1": 0.8938759300324961,
    "topic_loss": 0.3384457681798222,
    "topic_accuracy": 0.9156941950927588,
    "epoch": 3.0
  },
  "train_epoch_4": {
    "summarization_loss": 4.838652187544311,
    "summarization_rouge_like": 0.18201329144700432,
    "emotion_loss": 0.016137643483381023,
    "emotion_f1": 0.9827882665002137,
    "topic_loss": 0.16494447479392424,
    "topic_accuracy": 0.9490770409584842,
    "epoch": 4.0
  },
  "val_epoch_4": {
    "summarization_loss": 4.713183320688674,
    "summarization_rouge_like": 0.18237954041396615,
    "emotion_loss": 0.23604378891068725,
    "emotion_f1": 0.8973917873015594,
    "topic_loss": 0.33224777920524323,
    "topic_accuracy": 0.922277079593058,
    "epoch": 4.0
  },
  "train_epoch_5": {
    "summarization_loss": 4.698010115737734,
    "summarization_rouge_like": 0.1875389010633369,
    "emotion_loss": 0.010522338807794362,
    "emotion_f1": 0.9898056571265721,
    "topic_loss": 0.1306824073892107,
    "topic_accuracy": 0.9599958205628308,
    "epoch": 5.0
  },
  "val_epoch_5": {
    "summarization_loss": 4.615742755178775,
    "summarization_rouge_like": 0.18968598032145229,
    "emotion_loss": 0.2739744641244897,
    "emotion_f1": 0.8967185377860626,
    "topic_loss": 0.39091844442157797,
    "topic_accuracy": 0.9225014961101137,
    "epoch": 5.0
  }
}