{
  "train_epoch_1": {
    "summarization_loss": 4.305795139598846,
    "summarization_rouge_like": 0.1897542916546258,
    "emotion_loss": 0.46746078201532365,
    "emotion_f1": 0.10305404872111976,
    "topic_loss": 1.8422618747711181,
    "topic_accuracy": 0.3508400000000005,
    "total_loss": 5.928117250007391
  },
  "val_epoch_1": {
    "summarization_loss": 4.001134026527405,
    "summarization_rouge_like": 0.2056979416736606,
    "emotion_loss": 0.15761724182963371,
    "emotion_f1": 0.10913333570957184,
    "topic_loss": 1.3971189131736756,
    "topic_accuracy": 0.5776888888888889,
    "total_loss": 4.936119345858693
  },
  "train_epoch_2": {
    "summarization_loss": 4.04213664188385,
    "summarization_rouge_like": 0.20016824759703356,
    "emotion_loss": 0.15370316863358022,
    "emotion_f1": 0.2400115498200059,
    "topic_loss": 0.9526138089179993,
    "topic_accuracy": 0.7429200000000072,
    "total_loss": 4.74899829929322
  },
  "val_epoch_2": {
    "summarization_loss": 3.904770742416382,
    "summarization_rouge_like": 0.20990994365480573,
    "emotion_loss": 0.1540343547463417,
    "emotion_f1": 0.3034275949001312,
    "topic_loss": 0.6331685522794723,
    "topic_accuracy": 0.8368000000000012,
    "total_loss": 4.45240655067563
  },
  "train_epoch_3": {
    "summarization_loss": 3.970578443431854,
    "summarization_rouge_like": 0.20384922085018767,
    "emotion_loss": 0.15174557501375674,
    "emotion_f1": 0.253769249086082,
    "topic_loss": 0.4669437208026648,
    "topic_accuracy": 0.8916800000000127,
    "total_loss": 4.431668666353822
  },
  "val_epoch_3": {
    "summarization_loss": 3.8658409719467164,
    "summarization_rouge_like": 0.2123302463154155,
    "emotion_loss": 0.15249984830617905,
    "emotion_f1": 0.2953418803811073,
    "topic_loss": 0.4755705908536911,
    "topic_accuracy": 0.8688000000000011,
    "total_loss": 4.33237603983283
  },
  "train_epoch_4": {
    "summarization_loss": 3.939709025001526,
    "summarization_rouge_like": 0.20545136339295092,
    "emotion_loss": 0.1507464952915907,
    "emotion_f1": 0.26239547733552754,
    "topic_loss": 0.33327342747747896,
    "topic_accuracy": 0.9223200000000161,
    "total_loss": 4.3324654816776516
  },
  "val_epoch_4": {
    "summarization_loss": 3.8520261945724488,
    "summarization_rouge_like": 0.21339747230535858,
    "emotion_loss": 0.15169213128089903,
    "emotion_f1": 0.2674609267115593,
    "topic_loss": 0.45421803003549577,
    "topic_accuracy": 0.8632000000000006,
    "total_loss": 4.306673406511545
  },
  "train_epoch_5": {
    "summarization_loss": 3.9294944332122803,
    "summarization_rouge_like": 0.20627772657470522,
    "emotion_loss": 0.15019208360612393,
    "emotion_f1": 0.26261078409552574,
    "topic_loss": 0.2986248534411192,
    "topic_accuracy": 0.9306800000000157,
    "total_loss": 4.304094985342026
  },
  "val_epoch_5": {
    "summarization_loss": 3.847202296257019,
    "summarization_rouge_like": 0.21367317669088942,
    "emotion_loss": 0.15135289683938027,
    "emotion_f1": 0.2654752122759819,
    "topic_loss": 0.4457242044210434,
    "topic_accuracy": 0.8684000000000005,
    "total_loss": 4.297093743726611
  }
}