{
  "train_epoch_1": {
    "summarization_loss": 3.7986922026081054,
    "summarization_rouge_like": 0.38785950375542677,
    "emotion_loss": 0.6569146523665603,
    "emotion_f1": 0.0803471759769852,
    "topic_loss": 1.3537324049331485,
    "topic_accuracy": 0.4645228381729452,
    "total_loss": 6.166948288969483
  },
  "val_epoch_1": {
    "summarization_loss": 3.1010914066140884,
    "summarization_rouge_like": 0.4547831050626749,
    "emotion_loss": 0.47831222164831,
    "emotion_f1": 0.07989733061380237,
    "topic_loss": 1.1463579110962023,
    "topic_accuracy": 0.8397282174260592,
    "total_loss": 5.021045794132517
  },
  "train_epoch_2": {
    "summarization_loss": 3.519661677836342,
    "summarization_rouge_like": 0.40693338191007866,
    "emotion_loss": 0.2990482480142052,
    "emotion_f1": 0.25253565061903593,
    "topic_loss": 0.5421501434865632,
    "topic_accuracy": 0.8869290456763608,
    "total_loss": 4.896552726604225
  },
  "val_epoch_2": {
    "summarization_loss": 3.022662199944329,
    "summarization_rouge_like": 0.45815133655381807,
    "emotion_loss": 0.19708226060124037,
    "emotion_f1": 0.302215425453955,
    "topic_loss": 0.28093130860647425,
    "topic_accuracy": 0.9172661870503583,
    "total_loss": 4.009605495299369
  },
  "train_epoch_3": {
    "summarization_loss": 3.456413923878735,
    "summarization_rouge_like": 0.4113752870178118,
    "emotion_loss": 0.18330693083835614,
    "emotion_f1": 0.30698023489509907,
    "topic_loss": 0.2889783758940973,
    "topic_accuracy": 0.9169066474682156,
    "total_loss": 4.525524954040441
  },
  "val_epoch_3": {
    "summarization_loss": 3.0019707325265275,
    "summarization_rouge_like": 0.4592321986281997,
    "emotion_loss": 0.16639868924014575,
    "emotion_f1": 0.3015063897543531,
    "topic_loss": 0.23863075083072524,
    "topic_accuracy": 0.9280575539568332,
    "total_loss": 3.9263884310885304
  },
  "train_epoch_4": {
    "summarization_loss": 3.4258855361860663,
    "summarization_rouge_like": 0.4135803384924355,
    "emotion_loss": 0.16595664669032975,
    "emotion_f1": 0.31446844452103895,
    "topic_loss": 0.24658246585826152,
    "topic_accuracy": 0.9276857851372029,
    "total_loss": 4.441093933462159
  },
  "val_epoch_4": {
    "summarization_loss": 2.992023795628719,
    "summarization_rouge_like": 0.4595829821013028,
    "emotion_loss": 0.16106250848201253,
    "emotion_f1": 0.299241534820635,
    "topic_loss": 0.2258928704747765,
    "topic_accuracy": 0.9280575539568333,
    "total_loss": 3.8999928579198935
  },
  "train_epoch_5": {
    "summarization_loss": 3.4150345063421232,
    "summarization_rouge_like": 0.41468036090685273,
    "emotion_loss": 0.1624394242665394,
    "emotion_f1": 0.31033963250845154,
    "topic_loss": 0.2336994289211126,
    "topic_accuracy": 0.9319654427645914,
    "total_loss": 4.4149524901606805
  },
  "val_epoch_5": {
    "summarization_loss": 2.9899252604523436,
    "summarization_rouge_like": 0.45984993646884514,
    "emotion_loss": 0.15985918722207026,
    "emotion_f1": 0.2971099066666419,
    "topic_loss": 0.22285484572162303,
    "topic_accuracy": 0.9284572342126283,
    "total_loss": 3.894081538897767
  }
}