{
  "train_epoch_1": {
    "summarization_loss": 4.079733937207733,
    "summarization_rouge_like": 0.2028193981940672,
    "summarization_rouge1": 0.28560021391594853,
    "summarization_rouge2": 0.08435468511113785,
    "summarization_rougeL": 0.2154275814958213,
    "summarization_bleu4": 0.046117214886897795,
    "emotion_loss": 0.26244200211201213,
    "emotion_f1": 0.19766912004785386,
    "topic_loss": 1.1932831987432027,
    "topic_accuracy": 0.6169484620085743,
    "total_loss": 4.700160898942682
  },
  "val_epoch_1": {
    "summarization_loss": 3.833653777440389,
    "summarization_rouge_like": 0.21745746839833108,
    "summarization_rouge1": 0.25830647486971986,
    "summarization_rouge2": 0.08371089018017476,
    "summarization_rougeL": 0.19875902754771785,
    "summarization_bleu4": 0.04686325808061064,
    "emotion_loss": 0.15138163698216278,
    "emotion_f1": 0.2988015959163507,
    "topic_loss": 0.49577911029259364,
    "topic_accuracy": 0.8414444444444463,
    "total_loss": 4.133769147510325
  },
  "train_epoch_2": {
    "summarization_loss": 3.8735384538960957,
    "summarization_rouge_like": 0.21216005207286087,
    "summarization_rouge1": 0.2725401912753465,
    "summarization_rouge2": 0.08422447720111174,
    "summarization_rougeL": 0.20784756594931902,
    "summarization_bleu4": 0.04735888096035337,
    "emotion_loss": 0.14739622891762758,
    "emotion_f1": 0.24802368223123794,
    "topic_loss": 0.20543605549897287,
    "topic_accuracy": 0.9533102464860562,
    "total_loss": 4.082565499463412
  },
  "val_epoch_2": {
    "summarization_loss": 3.757540551821391,
    "summarization_rouge_like": 0.22135824128665282,
    "summarization_rouge1": 0.26246463868681713,
    "summarization_rouge2": 0.08642599777825609,
    "summarization_rougeL": 0.20291475192384523,
    "summarization_bleu4": 0.04878701253341023,
    "emotion_loss": 0.14281915669639905,
    "emotion_f1": 0.22750000593562922,
    "topic_loss": 0.5170371426145236,
    "topic_accuracy": 0.857444444444447,
    "total_loss": 4.0554708513021485
  },
  "train_epoch_3": {
    "summarization_loss": 3.810021250766172,
    "summarization_rouge_like": 0.21604067556721981,
    "summarization_rouge1": 0.2821805091020667,
    "summarization_rouge2": 0.08854532726771042,
    "summarization_rougeL": 0.21597970695633295,
    "summarization_bleu4": 0.050746126728702,
    "emotion_loss": 0.13904708911649416,
    "emotion_f1": 0.26316031495731096,
    "topic_loss": 0.056642449901637124,
    "topic_accuracy": 0.990527602363008,
    "total_loss": 3.966061074853179
  },
  "val_epoch_3": {
    "summarization_loss": 3.719314083258311,
    "summarization_rouge_like": 0.22481595386076839,
    "summarization_rouge1": 0.26640729969212057,
    "summarization_rouge2": 0.08834688670295619,
    "summarization_rougeL": 0.20596586881603718,
    "summarization_bleu4": 0.05016497159711613,
    "emotion_loss": 0.13301495840152106,
    "emotion_f1": 0.3033000104998549,
    "topic_loss": 0.5857507295409838,
    "topic_accuracy": 0.8734444444444462,
    "total_loss": 4.028054260522129
  },
  "train_epoch_4": {
    "summarization_loss": 3.7730432008866455,
    "summarization_rouge_like": 0.21847830974094434,
    "summarization_rouge1": 0.2878904539624512,
    "summarization_rouge2": 0.09133085392035245,
    "summarization_rougeL": 0.22096176610871401,
    "summarization_bleu4": 0.05290110383690951,
    "emotion_loss": 0.1303394384724675,
    "emotion_f1": 0.3112745399373045,
    "topic_loss": 0.027687466271748295,
    "topic_accuracy": 0.9956406600122227,
    "total_loss": 3.9116888792406423
  },
  "val_epoch_4": {
    "summarization_loss": 3.6977765361467996,
    "summarization_rouge_like": 0.22674092066059914,
    "summarization_rouge1": 0.2693903973096626,
    "summarization_rouge2": 0.08996117022445106,
    "summarization_rougeL": 0.2082540646606119,
    "summarization_bleu4": 0.05143713761355326,
    "emotion_loss": 0.12381103243678808,
    "emotion_f1": 0.33682223431766034,
    "topic_loss": 0.6719013427694639,
    "topic_accuracy": 0.8474444444444447,
    "total_loss": 4.023157971414427
  },
  "train_epoch_5": {
    "summarization_loss": 3.7497664094335508,
    "summarization_rouge_like": 0.2202997992210682,
    "summarization_rouge1": 0.292400360350181,
    "summarization_rouge2": 0.09348545351673342,
    "summarization_rougeL": 0.22484400309273084,
    "summarization_bleu4": 0.05458407407341266,
    "emotion_loss": 0.12339086255013494,
    "emotion_f1": 0.3434362175187066,
    "topic_loss": 0.015485833265247037,
    "topic_accuracy": 0.9976166225300467,
    "total_loss": 3.8778030219632678
  },
  "val_epoch_5": {
    "summarization_loss": 3.6840700109799704,
    "summarization_rouge_like": 0.22678335776033579,
    "summarization_rouge1": 0.2700621733687571,
    "summarization_rouge2": 0.09032974742400583,
    "summarization_rougeL": 0.20938608622405835,
    "summarization_bleu4": 0.05172823521981011,
    "emotion_loss": 0.11917384720096985,
    "emotion_f1": 0.38138890409221254,
    "topic_loss": 0.7415381839871407,
    "topic_accuracy": 0.8471111111111125,
    "total_loss": 4.025705313377086
  },
  "train_epoch_6": {
    "summarization_loss": 3.7370202331539084,
    "summarization_rouge_like": 0.22116581036129404,
    "summarization_rouge1": 0.2954615401250818,
    "summarization_rouge2": 0.09482386542629304,
    "summarization_rougeL": 0.22734415806495128,
    "summarization_bleu4": 0.055565924246178955,
    "emotion_loss": 0.12017362367040782,
    "emotion_f1": 0.36295068560270216,
    "topic_loss": 0.01094868929504993,
    "topic_accuracy": 0.9983092279486658,
    "total_loss": 3.8604784636128344
  },
  "val_epoch_6": {
    "summarization_loss": 3.677226278781891,
    "summarization_rouge_like": 0.22764216356749514,
    "summarization_rouge1": 0.2723270512089283,
    "summarization_rouge2": 0.09118120171523038,
    "summarization_rougeL": 0.21111939318535006,
    "summarization_bleu4": 0.05241066035570178,
    "emotion_loss": 0.1169602353622516,
    "emotion_f1": 0.4030444619183739,
    "topic_loss": 0.7767537918190162,
    "topic_accuracy": 0.8471111111111119,
    "total_loss": 4.027212651689846
  },
  "train_epoch_7": {
    "summarization_loss": 3.729386242860494,
    "summarization_rouge_like": 0.22176530350965676,
    "summarization_rouge1": 0.29741668530840704,
    "summarization_rouge2": 0.09559545146778338,
    "summarization_rougeL": 0.2291003267921414,
    "summarization_bleu4": 0.05625421526528304,
    "emotion_loss": 0.11843270199693227,
    "emotion_f1": 0.3771792480979706,
    "topic_loss": 0.008245498801485375,
    "topic_accuracy": 0.9988388673864329,
    "total_loss": 3.850292594497872
  },
  "val_epoch_7": {
    "summarization_loss": 3.6736356274286908,
    "summarization_rouge_like": 0.22775356464676147,
    "summarization_rouge1": 0.27210620969462285,
    "summarization_rouge2": 0.09135458358182197,
    "summarization_rougeL": 0.21112833398209932,
    "summarization_bleu4": 0.05247354488143169,
    "emotion_loss": 0.11575033595164617,
    "emotion_f1": 0.40462224079916875,
    "topic_loss": 0.7991501004000505,
    "topic_accuracy": 0.8524444444444451,
    "total_loss": 4.02913099350035
  }
}