{
  "train_epoch_1": {
    "summarization_loss": 4.05727732604402,
    "summarization_rouge_like": 0.20427788603502178,
    "summarization_rouge1": 0.2867239527374218,
    "summarization_rouge2": 0.08530419039955006,
    "summarization_rougeL": 0.21671934441779328,
    "summarization_bleu4": 0.046807610480627294,
    "emotion_loss": 0.26667120894821444,
    "emotion_f1": 0.20469974499405505,
    "total_loss": 6.105969995046231,
    "topic_loss": 1.6857517635423032,
    "topic_accuracy": 0.4217703349282306
  },
  "val_epoch_1": {
    "summarization_loss": 3.8147981293996174,
    "summarization_rouge_like": 0.2193516213078271,
    "summarization_rouge1": 0.26079796060659194,
    "summarization_rouge2": 0.08507403927823329,
    "summarization_rougeL": 0.2006794257877804,
    "summarization_bleu4": 0.047830237595825456,
    "emotion_loss": 0.14947238216797512,
    "emotion_f1": 0.19722222675879797,
    "topic_loss": 1.111328324476878,
    "topic_accuracy": 0.7036666666666669,
    "total_loss": 4.297669008910658
  },
  "train_epoch_2": {
    "summarization_loss": 3.849853239841521,
    "summarization_rouge_like": 0.21403927033293962,
    "summarization_rouge1": 0.27951076939717684,
    "summarization_rouge2": 0.0873046768836161,
    "summarization_rougeL": 0.21374118927203542,
    "summarization_bleu4": 0.04958577524880755,
    "emotion_loss": 0.14221051054989492,
    "emotion_f1": 0.26357290302542585,
    "topic_loss": 0.7299397268663149,
    "topic_accuracy": 0.8084686774942008,
    "total_loss": 5.528282663174978
  },
  "val_epoch_2": {
    "summarization_loss": 3.738964385986328,
    "summarization_rouge_like": 0.22322817933854347,
    "summarization_rouge1": 0.2648447987903156,
    "summarization_rouge2": 0.08777067266852198,
    "summarization_rougeL": 0.2049718124413594,
    "summarization_bleu4": 0.04980800809043137,
    "emotion_loss": 0.1332480485116442,
    "emotion_f1": 0.3008111199736595,
    "topic_loss": 0.5171811254819234,
    "topic_accuracy": 0.8467777777777786,
    "total_loss": 4.027366772142546
  },
  "train_epoch_3": {
    "emotion_loss": 0.12831888329927568,
    "emotion_f1": 0.3325013413977316,
    "summarization_loss": 3.7839796767703127,
    "summarization_rouge_like": 0.21797276831106976,
    "summarization_rouge1": 0.28868883384124916,
    "summarization_rouge2": 0.09150032176337587,
    "summarization_rougeL": 0.22148013487440707,
    "summarization_bleu4": 0.052993168973641876,
    "total_loss": 5.379445686122572,
    "topic_loss": 0.3385182340765703,
    "topic_accuracy": 0.9149137451307789
  },
  "val_epoch_3": {
    "summarization_loss": 3.699807391166687,
    "summarization_rouge_like": 0.22613490382620294,
    "summarization_rouge1": 0.27110048990501884,
    "summarization_rouge2": 0.09042725720607361,
    "summarization_rougeL": 0.209904253200661,
    "summarization_bleu4": 0.05177241093143676,
    "emotion_loss": 0.12147359546273946,
    "emotion_f1": 0.3474666798238953,
    "topic_loss": 0.5068136086066564,
    "topic_accuracy": 0.8417777777777792,
    "total_loss": 3.9733250692114286
  },
  "train_epoch_4": {
    "summarization_loss": 3.746917572488457,
    "summarization_rouge_like": 0.22054338132572013,
    "summarization_rouge1": 0.29700759128401966,
    "summarization_rouge2": 0.09528349132659034,
    "summarization_rougeL": 0.2286643637324592,
    "summarization_bleu4": 0.05591190647915982,
    "emotion_loss": 0.12003502780097021,
    "emotion_f1": 0.37240424536844824,
    "total_loss": 5.303101773435515,
    "topic_loss": 0.19978291214297147,
    "topic_accuracy": 0.9528935185185234
  },
  "val_epoch_4": {
    "summarization_loss": 3.6773871207237243,
    "summarization_rouge_like": 0.22730110361278533,
    "summarization_rouge1": 0.2719731929407321,
    "summarization_rouge2": 0.09117786246379923,
    "summarization_rougeL": 0.21082587270737135,
    "summarization_bleu4": 0.052260125383420154,
    "emotion_loss": 0.11476812147845825,
    "emotion_f1": 0.40390001876900594,
    "topic_loss": 0.5311758625507355,
    "topic_accuracy": 0.8574444444444455,
    "total_loss": 3.95150800096741
  },
  "train_epoch_5": {
    "summarization_loss": 3.72376742684834,
    "summarization_rouge_like": 0.22218972657959773,
    "summarization_rouge1": 0.30386172952451457,
    "summarization_rouge2": 0.09807265293507532,
    "summarization_rougeL": 0.23422938393417417,
    "summarization_bleu4": 0.05821407514551748,
    "emotion_loss": 0.11460309708431649,
    "emotion_f1": 0.41015538037428334,
    "total_loss": 5.207888234798891,
    "topic_loss": 0.13986067138923575,
    "topic_accuracy": 0.9685236768802278
  },
  "val_epoch_5": {
    "summarization_loss": 3.664777074654897,
    "summarization_rouge_like": 0.22876987463000684,
    "summarization_rouge1": 0.27596093399625565,
    "summarization_rouge2": 0.09296804123657829,
    "summarization_rougeL": 0.21411928790828857,
    "summarization_bleu4": 0.05366559404113782,
    "emotion_loss": 0.11044646929949523,
    "emotion_f1": 0.4313555757453044,
    "topic_loss": 0.5484664579232533,
    "topic_accuracy": 0.8627777777777789,
    "total_loss": 3.9397634813313704
  },
  "train_epoch_6": {
    "emotion_loss": 0.1111307007874511,
    "emotion_f1": 0.43345397762862603,
    "summarization_loss": 3.7095002406409807,
    "summarization_rouge_like": 0.22328726116125275,
    "summarization_rouge1": 0.3064035344877472,
    "summarization_rouge2": 0.09935359454486654,
    "summarization_rougeL": 0.23650841461700828,
    "summarization_bleu4": 0.059165680810364656,
    "total_loss": 5.231221632164746,
    "topic_loss": 0.10774352340420275,
    "topic_accuracy": 0.9777777777777826
  },
  "val_epoch_6": {
    "summarization_loss": 3.658109269142151,
    "summarization_rouge_like": 0.22934290201883448,
    "summarization_rouge1": 0.2752052666208255,
    "summarization_rouge2": 0.09292038370832255,
    "summarization_rougeL": 0.2137414809166316,
    "summarization_bleu4": 0.053427338475007496,
    "emotion_loss": 0.10808507531881333,
    "emotion_f1": 0.4517777989556392,
    "topic_loss": 0.5295590771238009,
    "topic_accuracy": 0.8734444444444451,
    "total_loss": 3.9250620675981014
  },
  "train_epoch_7": {
    "emotion_loss": 0.10953594371440704,
    "emotion_f1": 0.44384909393388133,
    "topic_loss": 0.0957411853224039,
    "topic_accuracy": 0.980394366197187,
    "total_loss": 5.154093306898701,
    "summarization_loss": 3.7035266418583594,
    "summarization_rouge_like": 0.22378105952974536,
    "summarization_rouge1": 0.3070619920824417,
    "summarization_rouge2": 0.09984959921270933,
    "summarization_rougeL": 0.23710279675635842,
    "summarization_bleu4": 0.05954598113800495
  },
  "val_epoch_7": {
    "summarization_loss": 3.654966928164164,
    "summarization_rouge_like": 0.2296679906954514,
    "summarization_rouge1": 0.27616327736195406,
    "summarization_rouge2": 0.09329265746038877,
    "summarization_rougeL": 0.2144202156909426,
    "summarization_bleu4": 0.05381191556748925,
    "emotion_loss": 0.10733611459533374,
    "emotion_f1": 0.4582889095693827,
    "topic_loss": 0.5517185291647911,
    "topic_accuracy": 0.8574444444444457,
    "total_loss": 3.9278186015089296
  },
  "train_epoch_8": {
    "summarization_loss": 3.6991967220660666,
    "summarization_rouge_like": 0.22392498422300275,
    "summarization_rouge1": 0.30751530664889926,
    "summarization_rouge2": 0.10003700619268063,
    "summarization_rougeL": 0.23750205422812004,
    "summarization_bleu4": 0.05974583539783897,
    "emotion_loss": 0.10842480880968565,
    "emotion_f1": 0.44919879924130307,
    "total_loss": 5.178375478314296,
    "topic_loss": 0.09057999134229244,
    "topic_accuracy": 0.9817882611080675
  },
  "val_epoch_8": {
    "summarization_loss": 3.652825821240743,
    "summarization_rouge_like": 0.22990084413830203,
    "summarization_rouge1": 0.2765755402183266,
    "summarization_rouge2": 0.09348690574327727,
    "summarization_rougeL": 0.2147442273650338,